{"cameraMode":{"drawMode":0,"name":"Shaded","section":"Shading Mode"},"sceneLighting":true,"audioPlay":false,"sceneViewState":{"m_AlwaysRefresh":false,"showFog":true,"showSkybox":true,"showFlares":true,"showImageEffects":true,"showParticleSystems":true,"showVisualEffectGraphs":true,"m_FxEnabled":true},"in2DMode":false,"pivot":{"x":2.145778179168701,"y":0.019824905321002008,"z":-1.8944069147109986},"rotation":{"x":-0.12210532277822495,"y":0.11939356476068497,"z":-0.014804661273956299,"w":-0.9852216243743897},"size":0.8296734690666199,"orthographic":false}